S1	E1	S2	E2	Reference	Contig	IDY	Ambiguous	Best_group
11	513258	703	513946	NC_001136.10	tig00000001	99.91		True
local misassembly
513603	513688	514291	514377	NC_001136.10	tig00000001	97.7		True
translocation
168391	168585	514458	514652	NC_001135.5	tig00000001	97.95		True
local misassembly
168759	168933	514815	514989	NC_001135.5	tig00000001	98.29		True
indel: indel (> 5bp)
168934	169068	515004	515138	NC_001135.5	tig00000001	97.78		True
translocation
519913	520080	515313	515480	NC_001136.10	tig00000001	95.83		True
indel: indel (> 5bp)
520109	520389	515503	515783	NC_001136.10	tig00000001	96.44		True
local misassembly
520819	521108	515911	516200	NC_001136.10	tig00000001	97.93		True
local misassembly
521270	522926	516389	518045	NC_001136.10	tig00000001	98.07		True
relocation, inconsistency = 7705
535082	544680	522496	532081	NC_001136.10	tig00000001	96.14		True
local misassembly
544802	628742	532082	616026	NC_001136.10	tig00000001	99.55		True
local misassembly
628881	645234	616027	632381	NC_001136.10	tig00000001	99.37		True
relocation, inconsistency = 6269
651504	668090	632382	648954	NC_001136.10	tig00000001	99.14		True
local misassembly
668437	759731	648955	740421	NC_001136.10	tig00000001	99.19		True
relocation, inconsistency = -1749
757983	802913	740422	785454	NC_001136.10	tig00000001	98.56		True
translocation
822995	823084	785486	785575	NC_001139.9	tig00000001	97.78		True
indel: indel (<= 5bp)
823086	823195	785576	785685	NC_001139.9	tig00000001	96.36		True
indel: indel (<= 5bp)
823234	823307	785723	785796	NC_001139.9	tig00000001	95.95		True
translocation
805525	1504480	786240	1485045	NC_001136.10	tig00000001	99.91		True
local misassembly
1504691	1525206	1485046	1505572	NC_001136.10	tig00000001	98.63		True
CONTIG	tig00000001	1506339	misassembled
1135230	1146207	1	10983	NC_001136.10	tig00000003	99.83		True
CONTIG	tig00000003	10984	correct
85083	102043	17019	1	NC_001136.10	tig00000004	99.64		True
CONTIG	tig00000004	17019	correct
72	5783	1058	6912	NC_001144.5	tig00000005	96.75		True
translocation
817050	1090940	280804	6913	NC_001139.9	tig00000005	100.0		True
translocation
90757	93268	283314	280805	NC_001135.5	tig00000005	99.8		True
translocation
569073	817392	531629	283315	NC_001139.9	tig00000005	99.81		True
relocation, inconsistency = -5628
115199	574700	991190	531630	NC_001139.9	tig00000005	99.88		True
translocation
56452	62720	991257	997451	NC_001148.4	tig00000005	97.34		True
translocation
73992	115203	1038675	997452	NC_001139.9	tig00000005	99.29		True
translocation
443398	449320	1038676	1044598	NC_001137.3	tig00000005	99.8		True
translocation
146	73993	1118498	1044606	NC_001139.9	tig00000005	98.98		True
translocation
6165	6624	1119267	1118808	NC_001146.8	tig00000005	99.35		True
indel: indel (> 5bp)
6032	6143	1119379	1119268	NC_001146.8	tig00000005	98.21		True
indel: indel (> 5bp)
5609	5923	1119736	1119422	NC_001146.8	tig00000005	100.0		True
local misassembly
5155	5476	1120058	1119737	NC_001146.8	tig00000005	97.83		True
indel: indel (> 5bp)
4843	5138	1120354	1120059	NC_001146.8	tig00000005	98.65		True
indel: indel (> 5bp)
4491	4781	1120673	1120383	NC_001146.8	tig00000005	95.19		True
indel: indel (> 5bp)
4397	4471	1120748	1120674	NC_001146.8	tig00000005	97.33		True
indel: indel (> 5bp)
4292	4382	1120839	1120749	NC_001146.8	tig00000005	96.7		True
local misassembly
4018	4125	1121026	1120919	NC_001146.8	tig00000005	99.07		True
indel: indel (> 5bp)
3639	3998	1121386	1121027	NC_001146.8	tig00000005	99.72		True
indel: indel (> 5bp)
1651	3607	1123343	1121387	NC_001146.8	tig00000005	98.98		True
local misassembly
1	1650	1125101	1123452	NC_001146.8	tig00000005	99.58		True
CONTIG	tig00000005	1126163	misassembled
650824	654221	3423	25	NC_001144.5	tig00000006	98.62		True
indel: indel (> 5bp)
650824	650889	3489	3424	NC_001144.5	tig00000006	100.0		True
translocation
115199	125563	3490	13846	NC_001139.9	tig00000006	99.0		True
CONTIG	tig00000006	13846	misassembled
1	117697	801	118544	NC_001147.6	tig00000007	99.84		True
relocation, inconsistency = 5931
123629	300919	118545	295830	NC_001147.6	tig00000007	99.89		True
translocation
259578	265494	301744	295831	NC_001134.8	tig00000007	99.61		True
translocation
300915	385212	301745	385966	NC_001147.6	tig00000007	99.26		True
local misassembly
385209	594618	386094	595524	NC_001147.6	tig00000007	99.85		True
local misassembly
594820	595152	595588	595920	NC_001147.6	tig00000007	99.7		True
local misassembly
594614	594814	595921	596121	NC_001147.6	tig00000007	96.62		True
relocation, inconsistency = 5919
600734	1091291	596122	1086682	NC_001147.6	tig00000007	99.98		True
CONTIG	tig00000007	1088934	misassembled
560131	577935	17811	1	NC_001147.6	tig00000008	99.91		True
CONTIG	tig00000008	17811	correct
899286	916550	1	17261	NC_001147.6	tig00000009	99.95		True
CONTIG	tig00000009	17261	correct
573286	573394	3446	3338	NC_001137.3	tig00000010	97.25		True
indel: indel (> 5bp)
572896	573254	3805	3447	NC_001137.3	tig00000010	99.44		True
indel: indel (> 5bp)
572113	572876	4569	3806	NC_001137.3	tig00000010	97.64		True
indel: indel (> 5bp)
571753	572050	4896	4599	NC_001137.3	tig00000010	98.66		True
indel: indel (> 5bp)
571478	571736	5155	4897	NC_001137.3	tig00000010	97.68		True
local misassembly
570984	571217	5502	5269	NC_001137.3	tig00000010	99.15		True
indel: indel (> 5bp)
570791	570905	5653	5539	NC_001137.3	tig00000010	98.26		True
indel: indel (> 5bp)
570497	570769	5926	5654	NC_001137.3	tig00000010	100.0		True
indel: stretch of mismatches
570329	570479	6094	5944	NC_001137.3	tig00000010	98.68		True
translocation
555971	556140	6993	6824	NC_001140.6	tig00000010	97.06		True
indel: indel (<= 5bp)
554519	555970	8446	6995	NC_001140.6	tig00000010	98.07		True
indel: indel (<= 5bp)
554074	554517	8890	8447	NC_001140.6	tig00000010	97.75		True
indel: indel (<= 5bp)
554004	554072	8959	8891	NC_001140.6	tig00000010	98.55		True
translocation
946819	947152	14512	14179	NC_001144.5	tig00000010	97.9		True
translocation
7420	850633	16745	860047	NC_001148.4	tig00000010	99.88		True
relocation, inconsistency = 5931
856565	948066	860048	951535	NC_001148.4	tig00000010	99.88		True
CONTIG	tig00000010	952371	misassembled
14	1676	887	2556	NC_001144.5	tig00000012	99.46		True
local misassembly
1838	1920	2610	2692	NC_001144.5	tig00000012	97.59		True
indel: indel (> 5bp)
1993	2079	2693	2779	NC_001144.5	tig00000012	100.0		True
local misassembly
2197	2390	2921	3114	NC_001144.5	tig00000012	98.45		True
indel: indel (> 5bp)
2408	4359	3115	5066	NC_001144.5	tig00000012	99.59		True
indel: indel (<= 5bp)
4360	4938	5068	5646	NC_001144.5	tig00000012	99.48		True
indel: indel (<= 5bp)
4944	5049	5647	5752	NC_001144.5	tig00000012	99.06		True
indel: indel (> 5bp)
5083	5187	5797	5901	NC_001144.5	tig00000012	98.1		True
indel: indel (> 5bp)
5209	5660	5902	6353	NC_001144.5	tig00000012	99.12		True
local misassembly
5833	7410	6742	8319	NC_001144.5	tig00000012	98.8		True
indel: indel (> 5bp)
7483	7614	8320	8451	NC_001144.5	tig00000012	96.97		True
local misassembly
7732	7925	8593	8786	NC_001144.5	tig00000012	98.45		True
indel: indel (> 5bp)
7943	9894	8787	10738	NC_001144.5	tig00000012	99.59		True
indel: indel (<= 5bp)
9895	10473	10740	11318	NC_001144.5	tig00000012	99.48		True
indel: indel (<= 5bp)
10479	10584	11319	11424	NC_001144.5	tig00000012	99.06		True
indel: indel (> 5bp)
10618	10722	11469	11573	NC_001144.5	tig00000012	98.1		True
indel: indel (> 5bp)
10744	11195	11574	12025	NC_001144.5	tig00000012	99.12		True
translocation
809184	924406	127767	12205	NC_001145.3	tig00000012	99.33		True
local misassembly
768885	808536	167956	128367	NC_001145.3	tig00000012	98.76		True
local misassembly
504549	768547	431873	167957	NC_001145.3	tig00000012	99.63		True
translocation
56452	62365	437796	431883	NC_001148.4	tig00000012	99.88		True
translocation
480881	504554	461469	437797	NC_001145.3	tig00000012	99.72		True
local misassembly
378622	480879	564057	461808	NC_001145.3	tig00000012	99.57		True
translocation
443412	443733	564096	564417	NC_001137.3	tig00000012	100.0		True
translocation
362925	372672	574140	564418	NC_001145.3	tig00000012	98.64		True
relocation, inconsistency = 5919
202179	357005	728978	574141	NC_001145.3	tig00000012	99.85		True
relocation, inconsistency = 5780
190089	196331	735305	729046	NC_001145.3	tig00000012	98.9		True
relocation, inconsistency = 5919
5598	184169	913840	735306	NC_001145.3	tig00000012	99.3		True
CONTIG	tig00000012	914946	misassembled
659429	680172	1	20745	NC_001145.3	tig00000013	99.8		True
CONTIG	tig00000013	20745	correct
1	197155	1348	198498	NC_001134.8	tig00000014	99.76		True
local misassembly
197368	221036	199386	223050	NC_001134.8	tig00000014	99.43		True
translocation
84069	84294	223131	223356	NC_001135.5	tig00000014	97.79		True
local misassembly
84348	84553	223463	223668	NC_001135.5	tig00000014	98.06		True
translocation
226973	259571	223743	256345	NC_001134.8	tig00000014	99.41		True
relocation, inconsistency = 5922
265494	427717	256346	418527	NC_001134.8	tig00000014	99.76		True
relocation, inconsistency = 1850
429568	643488	418528	632447	NC_001134.8	tig00000014	99.92		True
local misassembly
643865	644972	632448	633536	NC_001134.8	tig00000014	97.31		True
translocation
817074	823306	633537	639803	NC_001139.9	tig00000014	97.75		True
translocation
644968	813183	639804	807988	NC_001134.8	tig00000014	99.75		True
CONTIG	tig00000014	808829	misassembled
1	765398	998	766503	NC_001146.8	tig00000018	99.79		True
relocation, inconsistency = 13657
779056	779375	766504	766823	NC_001146.8	tig00000018	95.03		True
indel: indel (<= 5bp)
779378	781851	766824	769297	NC_001146.8	tig00000018	98.38		True
local misassembly
782351	782458	769799	769906	NC_001146.8	tig00000018	95.37		True
indel: indel (> 5bp)
782505	782724	769943	770162	NC_001146.8	tig00000018	95.91		True
relocation, inconsistency = 774520
7146	7424	771001	770723	NC_001146.8	tig00000018	95.34		True
local misassembly
6511	6618	771696	771589	NC_001146.8	tig00000018	97.22		True
indel: indel (> 5bp)
6372	6439	771827	771760	NC_001146.8	tig00000018	98.53		True
indel: indel (<= 5bp)
5315	6370	772883	771828	NC_001146.8	tig00000018	98.67		True
indel: indel (> 5bp)
1983	5291	776192	772884	NC_001146.8	tig00000018	98.61		True
indel: indel (> 5bp)
301	1898	777790	776193	NC_001146.8	tig00000018	97.0		True
indel: indel (<= 5bp)
157	269	777930	777818	NC_001146.8	tig00000018	95.58		True
CONTIG	tig00000018	778969	misassembled
631136	646550	1	15432	NC_001142.9	tig00000019	99.84		True
CONTIG	tig00000019	15432	correct
1084635	1091268	7051	545	NC_001147.6	tig00000021	95.48		True
translocation
783702	783767	7503	7438	NC_001146.8	tig00000021	95.45		True
local misassembly
782505	782724	8717	8498	NC_001146.8	tig00000021	95.91		True
indel: indel (> 5bp)
782351	782458	8861	8754	NC_001146.8	tig00000021	95.37		True
local misassembly
780769	781851	10445	9363	NC_001146.8	tig00000021	97.23		True
indel: indel (<= 5bp)
779378	780768	11837	10447	NC_001146.8	tig00000021	99.28		True
indel: indel (<= 5bp)
779056	779375	12157	11838	NC_001146.8	tig00000021	95.03		True
relocation, inconsistency = 13657
759400	765398	18153	12158	NC_001146.8	tig00000021	98.95		True
CONTIG	tig00000021	18153	misassembled
1071194	1071640	1420	974	NC_001144.5	tig00000022	99.11		True
indel: indel (<= 5bp)
1069952	1071190	2659	1421	NC_001144.5	tig00000022	99.52		True
local misassembly
1067993	1069951	4726	2768	NC_001144.5	tig00000022	98.83		True
indel: indel (> 5bp)
1067603	1067961	5085	4727	NC_001144.5	tig00000022	99.72		True
indel: indel (> 5bp)
1067468	1067583	5201	5086	NC_001144.5	tig00000022	100.0		True
local misassembly
1067219	1067309	5363	5273	NC_001144.5	tig00000022	95.6		True
indel: indel (> 5bp)
1067097	1067204	5471	5364	NC_001144.5	tig00000022	97.22		True
indel: indel (> 5bp)
1066899	1067096	5729	5532	NC_001144.5	tig00000022	98.99		True
indel: indel (> 5bp)
1066574	1066836	6021	5759	NC_001144.5	tig00000022	97.72		True
indel: indel (> 5bp)
1066229	1066573	6382	6038	NC_001144.5	tig00000022	98.55		True
local misassembly
1065785	1066096	6694	6383	NC_001144.5	tig00000022	99.36		True
indel: indel (> 5bp)
1065592	1065706	6845	6731	NC_001144.5	tig00000022	99.13		True
indel: indel (> 5bp)
1065324	1065532	7119	6911	NC_001144.5	tig00000022	99.04		True
indel: indel (> 5bp)
1065155	1065261	7296	7190	NC_001144.5	tig00000022	97.2		True
translocation
4	666443	7427	673876	NC_001143.9	tig00000022	99.88		True
translocation
1084668	1091291	674170	680790	NC_001147.6	tig00000022	99.04		True
CONTIG	tig00000022	681590	misassembled
557281	562640	5941	545	NC_001140.6	tig00000023	98.09		True
translocation
464	561	5942	6039	NC_001136.10	tig00000023	100.0		True
local misassembly
2601	3139	8072	8610	NC_001136.10	tig00000023	95.9		True
translocation
6793	14677	8611	16497	NC_001137.3	tig00000023	98.73		True
local misassembly
15001	249929	16498	251391	NC_001137.3	tig00000023	99.57		True
local misassembly
250276	312201	251392	313281	NC_001137.3	tig00000023	99.17		True
local misassembly
312197	354203	313619	355612	NC_001137.3	tig00000023	99.25		True
local misassembly
354731	431489	356106	432780	NC_001137.3	tig00000023	99.22		True
local misassembly
431828	443369	432781	444318	NC_001137.3	tig00000023	99.82		True
relocation, inconsistency = 6266
449636	449992	444319	444675	NC_001137.3	tig00000023	100.0		True
local misassembly
449321	449629	444698	445006	NC_001137.3	tig00000023	99.35		True
local misassembly
449987	576871	445007	571737	NC_001137.3	tig00000023	99.66		True
translocation
1	6689	578634	571951	NC_001146.8	tig00000023	99.87		True
CONTIG	tig00000023	579998	misassembled
536939	555984	19096	1	NC_001137.3	tig00000024	99.01		True
CONTIG	tig00000024	19111	correct
458143	476622	18497	1	NC_001137.3	tig00000026	99.68		True
CONTIG	tig00000026	18497	correct
548835	562638	14468	443	NC_001140.6	tig00000031	97.57		True
local misassembly
212266	548720	350902	14469	NC_001140.6	tig00000031	99.91		True
relocation, inconsistency = -3996
133249	216251	433923	350913	NC_001140.6	tig00000031	99.77		True
translocation
941192	947150	433924	439882	NC_001144.5	tig00000031	99.66		True
translocation
116762	133253	456376	439883	NC_001140.6	tig00000031	99.53		True
local misassembly
94982	116424	477810	456377	NC_001140.6	tig00000031	99.44		True
local misassembly
92314	92580	480695	480429	NC_001140.6	tig00000031	98.5		True
local misassembly
92128	92298	481250	481080	NC_001140.6	tig00000031	97.08		True
relocation, inconsistency = 6568
11892	85385	554906	481425	NC_001140.6	tig00000031	99.63		True
translocation
1063341	1063467	554940	555066	NC_001144.5	tig00000031	96.06		True
local misassembly
1064817	1064905	556423	556511	NC_001144.5	tig00000031	95.51		True
local misassembly
1065156	1065306	556717	556867	NC_001144.5	tig00000031	98.68		True
indel: stretch of mismatches
1065324	1065389	556885	556950	NC_001144.5	tig00000031	100.0		True
indel: indel (<= 5bp)
1065391	1065532	556951	557092	NC_001144.5	tig00000031	97.89		True
indel: indel (> 5bp)
1065592	1065781	557158	557347	NC_001144.5	tig00000031	99.47		True
indel: indel (<= 5bp)
1065785	1066096	557348	557659	NC_001144.5	tig00000031	99.38		True
translocation
5544	5874	557990	557660	NC_001141.2	tig00000031	99.09		True
indel: indel (> 5bp)
5232	5527	558286	557991	NC_001141.2	tig00000031	98.31		True
indel: indel (> 5bp)
4969	5170	558516	558315	NC_001141.2	tig00000031	99.5		True
local misassembly
4785	4859	558680	558606	NC_001141.2	tig00000031	96.0		True
indel: indel (> 5bp)
4680	4770	558771	558681	NC_001141.2	tig00000031	95.6		True
local misassembly
4027	4513	559337	558851	NC_001141.2	tig00000031	99.38		True
indel: indel (> 5bp)
2371	3995	560962	559338	NC_001141.2	tig00000031	99.57		True
local misassembly
3	1725	563590	561848	NC_001141.2	tig00000031	97.59		True
CONTIG	tig00000031	564190	misassembled
401340	417713	1	16385	NC_001141.2	tig00000033	99.9		True
CONTIG	tig00000033	16385	correct
783664	783824	1103	943	NC_001146.8	tig00000034	96.89		True
indel: indel (<= 5bp)
783314	783598	1451	1167	NC_001146.8	tig00000034	95.79		True
translocation
16489	150541	2168	136192	NC_001144.5	tig00000034	99.62		True
local misassembly
150537	215073	136420	200923	NC_001144.5	tig00000034	99.44		True
relocation, inconsistency = 5931
221005	461085	200924	440955	NC_001144.5	tig00000034	99.7		True
CONTIG	tig00000034	440955	misassembled
74850	89608	14770	1	NC_001144.5	tig00000036	99.93		True
CONTIG	tig00000036	14770	correct
1076129	1090940	16006	975	NC_001139.9	tig00000037	95.37		True
translocation
801477	804879	19409	16007	NC_001134.8	tig00000037	99.14		True
translocation
1064389	1068841	26907	22459	NC_001139.9	tig00000037	98.9		True
translocation
295253	307847	39646	26966	NC_001135.5	tig00000037	98.67		True
indel: indel (> 5bp)
269997	295259	64935	39647	NC_001135.5	tig00000037	99.38		True
local misassembly
268858	270061	66458	65267	NC_001135.5	tig00000037	96.95		True
local misassembly
200851	269184	134866	66459	NC_001135.5	tig00000037	99.29		True
local misassembly
169207	200103	166405	135509	NC_001135.5	tig00000037	99.97		True
translocation
844411	850002	171994	166406	NC_001148.4	tig00000037	99.34		True
translocation
168940	169205	172260	171995	NC_001135.5	tig00000037	100.0		True
local misassembly
151670	168600	189192	172261	NC_001135.5	tig00000037	99.95		True
translocation
478051	483952	195113	189212	NC_001142.9	tig00000037	98.7		True
translocation
82700	148614	261030	195114	NC_001135.5	tig00000037	99.99		True
translocation
118021	123290	266300	261031	NC_001147.6	tig00000037	99.4		True
translocation
16	83016	349418	266301	NC_001135.5	tig00000037	99.65		True
CONTIG	tig00000037	350252	misassembled
181380	270158	89446	735	NC_001138.5	tig00000038	99.53		True
local misassembly
143872	181384	127286	89818	NC_001138.5	tig00000038	98.95		True
translocation
56409	62355	134464	128523	NC_001148.4	tig00000038	98.12		True
translocation
92443	137736	179698	134465	NC_001138.5	tig00000038	99.09		True
local misassembly
1	92592	272320	179699	NC_001138.5	tig00000038	99.95		True
translocation
561734	562385	272321	272972	NC_001140.6	tig00000038	98.52		True
CONTIG	tig00000038	274012	misassembled
1067993	1069132	1140	1	NC_001144.5	tig00000039	98.68		True
indel: indel (> 5bp)
1067603	1067961	1499	1141	NC_001144.5	tig00000039	99.44		True
indel: indel (> 5bp)
1067468	1067583	1615	1500	NC_001144.5	tig00000039	100.0		True
local misassembly
1067219	1067309	1777	1687	NC_001144.5	tig00000039	95.6		True
indel: indel (> 5bp)
1067097	1067204	1885	1778	NC_001144.5	tig00000039	98.15		True
indel: indel (> 5bp)
1066899	1067096	2143	1946	NC_001144.5	tig00000039	98.99		True
indel: indel (> 5bp)
1066574	1066836	2435	2173	NC_001144.5	tig00000039	97.72		True
indel: indel (> 5bp)
1066229	1066573	2796	2452	NC_001144.5	tig00000039	98.55		True
local misassembly
1065785	1066096	3108	2797	NC_001144.5	tig00000039	99.36		True
indel: indel (> 5bp)
1065592	1065706	3259	3145	NC_001144.5	tig00000039	99.13		True
indel: indel (> 5bp)
1065391	1065532	3466	3325	NC_001144.5	tig00000039	97.89		True
indel: indel (<= 5bp)
1065324	1065389	3532	3467	NC_001144.5	tig00000039	100.0		True
indel: indel (<= 5bp)
1065153	1065321	3701	3533	NC_001144.5	tig00000039	100.0		True
local misassembly
1064962	1065029	3956	3889	NC_001144.5	tig00000039	95.59		True
indel: indel (> 5bp)
1064823	1064904	4074	3993	NC_001144.5	tig00000039	95.12		True
translocation
554137	556140	6567	4564	NC_001140.6	tig00000039	97.75		True
indel: indel (> 5bp)
553630	554064	7065	6631	NC_001140.6	tig00000039	97.47		True
translocation
206581	223445	29533	12523	NC_001133.9	tig00000039	97.23		True
relocation, inconsistency = 45932
27091	160238	29944	163073	NC_001133.9	tig00000039	99.51		True
relocation, inconsistency = 5930
166169	198600	163074	195518	NC_001133.9	tig00000039	99.59		True
relocation, inconsistency = -4593
198710	198850	200221	200361	NC_001133.9	tig00000039	99.29		True
local misassembly
202901	203091	204385	204575	NC_001133.9	tig00000039	97.38		True
indel: indel (<= 5bp)
203093	203909	204576	205392	NC_001133.9	tig00000039	96.94		True
local misassembly
206607	206771	208360	208524	NC_001133.9	tig00000039	99.39		True
local misassembly
206772	206836	208612	208676	NC_001133.9	tig00000039	95.38		True
indel: indel (> 5bp)
206837	206952	208689	208804	NC_001133.9	tig00000039	99.14		True
indel: indel (> 5bp)
206953	207661	208823	209531	NC_001133.9	tig00000039	98.59		True
indel: indel (> 5bp)
207662	208037	209559	209934	NC_001133.9	tig00000039	98.14		True
relocation, inconsistency = 10536
219330	223610	210691	214937	NC_001133.9	tig00000039	97.24		True
translocation
550244	556983	215799	222594	NC_001140.6	tig00000039	95.36		True
CONTIG	tig00000039	223288	misassembled
88719	101606	12910	1	NC_001133.9	tig00000040	99.67		True
CONTIG	tig00000040	12910	correct
49380	49756	8	384	NC_001224.1	tig00000045	99.03		True
local misassembly
49367	49791	385	815	NC_001224.1	tig00000045	97.45		True
local misassembly
49393	49759	816	1182	NC_001224.1	tig00000045	97.45		True
local misassembly
49367	49791	1183	1610	NC_001224.1	tig00000045	98.13		True
local misassembly
49396	49759	1611	1974	NC_001224.1	tig00000045	98.13		True
local misassembly
49367	49756	1975	2364	NC_001224.1	tig00000045	98.82		True
local misassembly
49367	49791	2365	2795	NC_001224.1	tig00000045	97.45		True
local misassembly
49393	49759	2796	3162	NC_001224.1	tig00000045	97.45		True
local misassembly
49367	49759	3163	3558	NC_001224.1	tig00000045	98.13		True
local misassembly
49367	49791	3559	3988	NC_001224.1	tig00000045	97.68		True
local misassembly
49396	49775	3989	4369	NC_001224.1	tig00000045	98.79		True
local misassembly
49380	49759	4370	4749	NC_001224.1	tig00000045	99.03		True
local misassembly
49367	49791	4750	5179	NC_001224.1	tig00000045	97.68		True
local misassembly
49393	49759	5180	5546	NC_001224.1	tig00000045	99.03		True
local misassembly
49367	49791	5547	5977	NC_001224.1	tig00000045	97.45		True
local misassembly
49393	49759	5978	6344	NC_001224.1	tig00000045	97.45		True
local misassembly
49367	49791	6345	6775	NC_001224.1	tig00000045	97.45		True
local misassembly
49393	49759	6776	7142	NC_001224.1	tig00000045	97.45		True
local misassembly
49367	49791	7143	7573	NC_001224.1	tig00000045	97.45		True
local misassembly
49393	49759	7574	7940	NC_001224.1	tig00000045	97.45		True
local misassembly
49367	49791	7941	8371	NC_001224.1	tig00000045	97.45		True
local misassembly
49393	49759	8372	8738	NC_001224.1	tig00000045	97.45		True
local misassembly
49367	49791	8739	9169	NC_001224.1	tig00000045	97.45		True
local misassembly
49393	49759	9170	9536	NC_001224.1	tig00000045	97.45		True
local misassembly
49367	49791	9537	9967	NC_001224.1	tig00000045	97.45		True
local misassembly
49393	49759	9968	10334	NC_001224.1	tig00000045	97.45		True
local misassembly
49367	49791	10335	10765	NC_001224.1	tig00000045	97.45		True
local misassembly
49393	49759	10766	11132	NC_001224.1	tig00000045	97.45		True
local misassembly
49367	49791	11133	11563	NC_001224.1	tig00000045	97.45		True
local misassembly
49396	49759	11564	11927	NC_001224.1	tig00000045	98.13		True
local misassembly
49367	49791	11928	12358	NC_001224.1	tig00000045	97.45		True
local misassembly
49393	49759	12359	12725	NC_001224.1	tig00000045	97.45		True
local misassembly
49367	49791	12726	13156	NC_001224.1	tig00000045	97.45		True
local misassembly
49393	49759	13157	13523	NC_001224.1	tig00000045	97.45		True
local misassembly
49367	49791	13524	13954	NC_001224.1	tig00000045	97.45		True
local misassembly
49393	49759	13955	14321	NC_001224.1	tig00000045	97.45		True
local misassembly
49367	49791	14322	14752	NC_001224.1	tig00000045	97.45		True
local misassembly
49393	49759	14753	15119	NC_001224.1	tig00000045	97.45		True
local misassembly
49367	49791	15120	15550	NC_001224.1	tig00000045	97.45		True
local misassembly
49393	49759	15551	15917	NC_001224.1	tig00000045	97.45		True
local misassembly
49367	49791	15918	16348	NC_001224.1	tig00000045	97.45		True
local misassembly
49396	49759	16349	16712	NC_001224.1	tig00000045	97.45		True
local misassembly
49367	49791	16713	17143	NC_001224.1	tig00000045	97.45		True
local misassembly
49393	49759	17144	17510	NC_001224.1	tig00000045	97.45		True
local misassembly
49367	49759	17511	17907	NC_001224.1	tig00000045	97.9		True
local misassembly
49367	49791	17908	18338	NC_001224.1	tig00000045	97.45		True
local misassembly
49396	49791	18339	18732	NC_001224.1	tig00000045	97.66		True
local misassembly
49393	49594	18733	18931	NC_001224.1	tig00000045	95.3		True
CONTIG	tig00000045	18931	correct
458557	460554	1	2000	NC_001144.5	tig00000046	99.89		True
relocation, inconsistency = -9137
451418	468017	2001	18592	NC_001144.5	tig00000046	99.94		True
CONTIG	tig00000046	18592	misassembled
455566	467500	1	11941	NC_001144.5	tig00000051	99.92		True
CONTIG	tig00000051	11941	correct
31	1766	675	2401	NC_001141.2	tig00000055	97.93		True
translocation
1069607	1069785	3391	3213	NC_001144.5	tig00000055	96.65		True
indel: indel (> 5bp)
1067993	1069606	5077	3464	NC_001144.5	tig00000055	98.7		True
indel: indel (> 5bp)
1067603	1067961	5436	5078	NC_001144.5	tig00000055	99.44		True
indel: indel (> 5bp)
1067468	1067583	5552	5437	NC_001144.5	tig00000055	100.0		True
local misassembly
1067219	1067309	5714	5624	NC_001144.5	tig00000055	95.6		True
indel: indel (> 5bp)
1067097	1067204	5822	5715	NC_001144.5	tig00000055	98.15		True
indel: indel (> 5bp)
1066899	1067096	6080	5883	NC_001144.5	tig00000055	98.99		True
indel: indel (> 5bp)
1066574	1066836	6372	6110	NC_001144.5	tig00000055	97.72		True
indel: indel (> 5bp)
1066229	1066573	6733	6389	NC_001144.5	tig00000055	98.55		True
local misassembly
1065785	1066096	7045	6734	NC_001144.5	tig00000055	99.36		True
indel: indel (> 5bp)
1065592	1065706	7196	7082	NC_001144.5	tig00000055	99.13		True
indel: indel (> 5bp)
1065391	1065532	7403	7262	NC_001144.5	tig00000055	97.89		True
indel: indel (<= 5bp)
1065324	1065389	7469	7404	NC_001144.5	tig00000055	100.0		True
indel: indel (<= 5bp)
1065153	1065321	7638	7470	NC_001144.5	tig00000055	100.0		True
local misassembly
1064962	1065029	7893	7826	NC_001144.5	tig00000055	95.59		True
indel: indel (> 5bp)
1064823	1064904	8011	7930	NC_001144.5	tig00000055	95.12		True
translocation
554137	556140	10504	8501	NC_001140.6	tig00000055	97.75		True
indel: indel (> 5bp)
553630	554064	11002	10568	NC_001140.6	tig00000055	97.47		True
CONTIG	tig00000055	13381	misassembled
1	14848	14870	1	NC_001138.5	tig00000056	99.7		True
translocation
390	774	15255	14871	NC_001145.3	tig00000056	98.68		True
indel: indel (<= 5bp)
113	389	15533	15257	NC_001145.3	tig00000056	100.0		True
CONTIG	tig00000056	16461	misassembled
473319	489874	16565	1	NC_001148.4	tig00000057	99.89		True
CONTIG	tig00000057	16565	correct
472636	483928	11293	1	NC_001148.4	tig00000058	99.98		True
CONTIG	tig00000058	11293	correct
160483	169982	1	9459	NC_001134.8	tig00000059	99.38		True
CONTIG	tig00000059	9464	correct
163860	176432	1	12568	NC_001134.8	tig00000060	99.65		True
CONTIG	tig00000060	12568	correct
543700	745751	202914	814	NC_001142.9	tig00000061	99.74		True
local misassembly
541428	543602	205090	202915	NC_001142.9	tig00000061	98.99		True
local misassembly
540920	541089	205260	205091	NC_001142.9	tig00000061	97.71		True
translocation
844412	850341	205261	211190	NC_001148.4	tig00000061	99.22		True
translocation
538440	540923	213649	211191	NC_001142.9	tig00000061	97.67		True
local misassembly
424601	538102	327135	213650	NC_001142.9	tig00000061	99.83		True
relocation, inconsistency = -59370
477172	483962	333930	327144	NC_001142.9	tig00000061	95.76		True
relocation, inconsistency = 52556
204115	424607	554419	333939	NC_001142.9	tig00000061	99.9		True
local misassembly
203398	203768	555131	554761	NC_001142.9	tig00000061	98.92		True
translocation
226671	226953	555529	555247	NC_001134.8	tig00000061	99.7		True
translocation
7675	197544	745377	555530	NC_001142.9	tig00000061	99.26		True
CONTIG	tig00000061	745377	misassembled
7530	18629	11100	1	NC_001142.9	tig00000062	99.97		True
CONTIG	tig00000062	11100	correct
6509	18000	11490	1	NC_001142.9	tig00000063	99.98		True
CONTIG	tig00000063	11490	correct
6481	17749	11269	1	NC_001142.9	tig00000064	100.0		True
CONTIG	tig00000064	11269	correct
1	17455	17455	1	NC_001141.2	tig00000065	99.98		True
translocation
1065061	1075109	17469	27678	NC_001144.5	tig00000065	97.65		True
CONTIG	tig00000065	27678	misassembled
1065621	1075853	1	10367	NC_001144.5	tig00000066	98.11		True
CONTIG	tig00000066	10367	correct
1065788	1075898	82	10307	NC_001144.5	tig00000067	98.59		True
CONTIG	tig00000067	10307	correct
1065900	1076628	1	10840	NC_001144.5	tig00000068	98.75		True
CONTIG	tig00000068	10840	correct
1066658	1078177	1	11599	NC_001144.5	tig00000069	99.18		True
CONTIG	tig00000069	14096	correct
61	10114	10065	1	NC_001142.9	tig00000070	99.57		True
translocation
1065172	1073379	10089	18460	NC_001144.5	tig00000070	97.32		True
CONTIG	tig00000070	18460	misassembled
1065172	1075285	40	10317	NC_001144.5	tig00000071	97.81		True
CONTIG	tig00000071	10317	correct
1069186	1078177	1	8992	NC_001144.5	tig00000072	100.0		True
CONTIG	tig00000072	9306	correct
1069350	1078177	1	8830	NC_001144.5	tig00000073	99.98		True
CONTIG	tig00000073	9285	correct
1070025	1071669	1	1645	NC_001144.5	tig00000074	99.99		True
relocation, inconsistency = -6498
1065172	1073340	1646	9980	NC_001144.5	tig00000074	97.3		True
CONTIG	tig00000074	9980	misassembled
1066668	1078177	1	11590	NC_001144.5	tig00000075	99.05		True
translocation
1525387	1531933	11791	18342	NC_001136.10	tig00000075	99.82		True
translocation
5185	5897	19169	18343	NC_001144.5	tig00000075	96.91		True
CONTIG	tig00000075	19169	misassembled
1069132	1078177	1	9192	NC_001144.5	tig00000076	95.83		True
translocation
1084620	1091290	9487	16157	NC_001147.6	tig00000076	100.0		True
CONTIG	tig00000076	17649	misassembled
1065034	1075532	10658	1	NC_001144.5	tig00000077	97.68		True
CONTIG	tig00000077	10810	correct
1065034	1075190	10314	1	NC_001144.5	tig00000078	97.63		True
relocation, inconsistency = -6656
963220	1071649	118784	10355	NC_001144.5	tig00000078	99.96		True
local misassembly
947156	963225	135202	119117	NC_001144.5	tig00000078	99.29		True
relocation, inconsistency = 5964
687944	941191	388399	135203	NC_001144.5	tig00000078	99.82		True
local misassembly
657018	687947	419658	388740	NC_001144.5	tig00000078	99.1		True
translocation
707331	712545	424873	419659	NC_001139.9	tig00000078	99.31		True
translocation
656749	657165	425290	424874	NC_001144.5	tig00000078	96.33		True
relocation, inconsistency = 5925
481898	650823	594144	425291	NC_001144.5	tig00000078	99.85		True
relocation, inconsistency = 9580
456240	472317	610214	594145	NC_001144.5	tig00000078	99.91		True
CONTIG	tig00000078	610214	misassembled
1067713	1069734	1	2022	NC_001144.5	tig00000079	99.44		True
indel: stretch of mismatches
1069735	1076476	2023	8911	NC_001144.5	tig00000079	97.49		True
CONTIG	tig00000079	8925	correct
1068981	1071648	1	2705	NC_001144.5	tig00000080	95.82		True
relocation, inconsistency = -6615
1065034	1076995	2706	14824	NC_001144.5	tig00000080	97.83		True
CONTIG	tig00000080	14824	misassembled
1525381	1527885	2519	5	NC_001136.10	tig00000081	98.34		True
translocation
1084804	1091291	9098	2589	NC_001147.6	tig00000081	99.36		True
CONTIG	tig00000081	9098	misassembled
1525381	1531741	6352	2	NC_001136.10	tig00000082	99.75		True
translocation
1068054	1078177	16690	6569	NC_001144.5	tig00000082	99.8		True
CONTIG	tig00000082	16690	misassembled
1	5853	871	6723	NC_001134.8	tig00000083	99.08		True
translocation
324541	439818	122003	6724	NC_001141.2	tig00000083	99.99		True
translocation
645522	651418	122023	127919	NC_001136.10	tig00000083	99.66		True
translocation
246553	324547	205921	127920	NC_001141.2	tig00000083	99.65		True
local misassembly
210307	246214	241826	205922	NC_001141.2	tig00000083	99.77		True
relocation, inconsistency = 5088
197030	205218	250010	241827	NC_001141.2	tig00000083	99.12		True
local misassembly
9782	196653	437058	250011	NC_001141.2	tig00000083	99.55		True
CONTIG	tig00000083	437058	misassembled
8087	20140	12051	1	NC_001141.2	tig00000084	99.93		True
CONTIG	tig00000084	12051	correct
21854	36594	1	14745	NC_001144.5	tig00000085	99.21		True
CONTIG	tig00000085	14745	correct
30200	41007	1	10811	NC_001144.5	tig00000086	99.97		True
CONTIG	tig00000086	10811	correct
46514	47003	64	553	NC_001224.1	tig00000087	99.59		True
indel: indel (<= 5bp)
47006	47603	554	1151	NC_001224.1	tig00000087	99.16		True
indel: indel (> 5bp)
47637	47714	1178	1255	NC_001224.1	tig00000087	100.0		True
indel: indel (> 5bp)
47768	48007	1261	1500	NC_001224.1	tig00000087	100.0		True
indel: indel (> 5bp)
48008	48169	1553	1714	NC_001224.1	tig00000087	100.0		True
indel: indel (> 5bp)
48170	49379	1721	2930	NC_001224.1	tig00000087	100.0		True
indel: indel (> 5bp)
49380	49737	2937	3294	NC_001224.1	tig00000087	99.72		True
indel: indel (> 5bp)
49738	50139	3313	3714	NC_001224.1	tig00000087	100.0		True
inversion
39504	50500	14871	3715	NC_001224.1	tig00000087	95.89		True
CONTIG	tig00000087	14871	misassembled
39059	50466	11764	198	NC_001224.1	tig00000088	96.38		True
CONTIG	tig00000088	11764	correct
38617	50147	11700	9	NC_001224.1	tig00000089	96.42		True
CONTIG	tig00000089	11700	correct
35354	49888	14677	1	NC_001224.1	tig00000090	96.8		True
CONTIG	tig00000090	14677	correct
34940	47191	12375	1	NC_001224.1	tig00000091	97.33		True
CONTIG	tig00000091	12375	correct
34688	45851	11298	1	NC_001224.1	tig00000092	97.73		True
CONTIG	tig00000092	11298	correct
34310	45731	11550	1	NC_001224.1	tig00000093	97.83		True
CONTIG	tig00000093	11550	correct
33728	45346	11729	1	NC_001224.1	tig00000094	98.16		True
CONTIG	tig00000094	11736	correct
33767	44840	11149	1	NC_001224.1	tig00000095	98.15		True
CONTIG	tig00000095	11292	correct
33828	44355	10586	1	NC_001224.1	tig00000096	98.55		True
relocation, inconsistency = -10831
33183	44658	10587	22121	NC_001224.1	tig00000096	98.64		True
CONTIG	tig00000096	22122	misassembled
33587	45221	1	11696	NC_001224.1	tig00000097	98.58		True
CONTIG	tig00000097	11696	correct
34283	43442	9218	1	NC_001224.1	tig00000098	98.35		True
relocation, inconsistency = -15824
48951	50106	10392	9219	NC_001224.1	tig00000098	98.45		True
CONTIG	tig00000098	10392	misassembled
34335	42229	7952	1	NC_001224.1	tig00000099	98.11		True
relocation, inconsistency = -15824
42107	50158	16090	7953	NC_001224.1	tig00000099	96.08		True
CONTIG	tig00000099	16090	misassembled
34335	34963	629	1	NC_001224.1	tig00000100	100.0		True
relocation, inconsistency = -15824
40124	50158	10824	630	NC_001224.1	tig00000100	96.03		True
CONTIG	tig00000100	10825	misassembled
34335	34794	460	1	NC_001224.1	tig00000101	100.0		True
relocation, inconsistency = -15824
39682	50158	11097	461	NC_001224.1	tig00000101	95.87		True
CONTIG	tig00000101	11097	misassembled
35352	46130	1	10928	NC_001224.1	tig00000102	97.4		True
CONTIG	tig00000102	10928	correct
35644	46464	1	10973	NC_001224.1	tig00000103	97.44		True
CONTIG	tig00000103	11015	correct
40472	46356	1	5983	NC_001224.1	tig00000104	97.68		True
relocation, inconsistency = 3796
50153	50492	5984	6323	NC_001224.1	tig00000104	100.0		True
inversion
41349	50147	15212	6324	NC_001224.1	tig00000104	96.33		True
CONTIG	tig00000104	15212	misassembled
50109	50492	230	613	NC_001224.1	tig00000105	100.0		True
inversion
41026	50147	9813	614	NC_001224.1	tig00000105	96.53		True
CONTIG	tig00000105	9813	misassembled
CONTIG	tig00000106	9670	unaligned
CONTIG	tig00000107	17484	unaligned
CONTIG	tig00000108	14223	unaligned
CONTIG	tig00000109	12654	unaligned
CONTIG	tig00000110	10460	unaligned
CONTIG	tig00000111	8902	unaligned
49393	49605	214	2	NC_001224.1	tig00000112	96.73		True
local misassembly
49396	49791	610	215	NC_001224.1	tig00000112	98.13		True
local misassembly
49367	49791	1041	611	NC_001224.1	tig00000112	97.45		True
local misassembly
49393	49756	1405	1042	NC_001224.1	tig00000112	97.45		True
local misassembly
49367	49791	1836	1406	NC_001224.1	tig00000112	97.45		True
local misassembly
49393	49759	2203	1837	NC_001224.1	tig00000112	97.45		True
local misassembly
49367	49791	2634	2204	NC_001224.1	tig00000112	97.45		True
local misassembly
49393	49756	2998	2635	NC_001224.1	tig00000112	97.45		True
local misassembly
49367	49791	3429	2999	NC_001224.1	tig00000112	97.45		True
local misassembly
49393	49759	3796	3430	NC_001224.1	tig00000112	97.45		True
local misassembly
49367	49791	4227	3797	NC_001224.1	tig00000112	97.45		True
local misassembly
49393	49759	4594	4228	NC_001224.1	tig00000112	97.45		True
local misassembly
49367	49791	5025	4595	NC_001224.1	tig00000112	97.45		True
local misassembly
49393	49759	5392	5026	NC_001224.1	tig00000112	97.45		True
local misassembly
49367	49791	5823	5393	NC_001224.1	tig00000112	97.45		True
local misassembly
49393	49759	6190	5824	NC_001224.1	tig00000112	97.45		True
local misassembly
49367	49791	6621	6191	NC_001224.1	tig00000112	97.45		True
local misassembly
49396	49759	6985	6622	NC_001224.1	tig00000112	97.45		True
local misassembly
49367	49791	7416	6986	NC_001224.1	tig00000112	97.45		True
local misassembly
49393	49759	7783	7417	NC_001224.1	tig00000112	97.45		True
local misassembly
49396	49791	8179	7784	NC_001224.1	tig00000112	98.13		True
local misassembly
49367	49791	8610	8180	NC_001224.1	tig00000112	97.45		True
local misassembly
49393	49756	8974	8611	NC_001224.1	tig00000112	97.45		True
local misassembly
49367	49791	9405	8975	NC_001224.1	tig00000112	97.45		True
local misassembly
49393	49759	9772	9406	NC_001224.1	tig00000112	97.45		True
local misassembly
49393	49791	10172	9773	NC_001224.1	tig00000112	98.79		True
local misassembly
49367	49791	10597	10173	NC_001224.1	tig00000112	97.43		True
local misassembly
49500	49756	10855	10598	NC_001224.1	tig00000112	98.63		True
CONTIG	tig00000112	10856	correct
49367	49791	479	49	NC_001224.1	tig00000113	96.54		True
local misassembly
49399	49759	838	480	NC_001224.1	tig00000113	96.48		True
local misassembly
49396	49791	1235	839	NC_001224.1	tig00000113	97.9		True
local misassembly
49367	49791	1666	1236	NC_001224.1	tig00000113	97.45		True
local misassembly
49396	49759	2030	1667	NC_001224.1	tig00000113	97.45		True
local misassembly
49367	49791	2462	2031	NC_001224.1	tig00000113	97.22		True
local misassembly
49396	49759	2826	2463	NC_001224.1	tig00000113	98.13		True
local misassembly
49367	49791	3257	2827	NC_001224.1	tig00000113	97.45		True
local misassembly
49393	49759	3624	3258	NC_001224.1	tig00000113	97.45		True
local misassembly
49367	49791	4055	3625	NC_001224.1	tig00000113	97.45		True
local misassembly
49393	49759	4422	4056	NC_001224.1	tig00000113	97.45		True
local misassembly
49367	49791	4853	4423	NC_001224.1	tig00000113	97.45		True
local misassembly
49393	49759	5220	4854	NC_001224.1	tig00000113	97.45		True
local misassembly
49367	49791	5651	5221	NC_001224.1	tig00000113	97.45		True
local misassembly
49393	49759	6018	5652	NC_001224.1	tig00000113	97.45		True
local misassembly
49367	49791	6449	6019	NC_001224.1	tig00000113	97.45		True
local misassembly
49393	49759	6816	6450	NC_001224.1	tig00000113	97.45		True
local misassembly
49367	49791	7247	6817	NC_001224.1	tig00000113	97.45		True
local misassembly
49393	49759	7614	7248	NC_001224.1	tig00000113	97.45		True
local misassembly
49367	49791	8045	7615	NC_001224.1	tig00000113	97.45		True
local misassembly
49393	49759	8412	8046	NC_001224.1	tig00000113	97.45		True
local misassembly
49367	49791	8843	8413	NC_001224.1	tig00000113	97.45		True
local misassembly
49393	49759	9210	8844	NC_001224.1	tig00000113	97.45		True
local misassembly
49367	49791	9641	9211	NC_001224.1	tig00000113	97.45		True
local misassembly
49393	49759	10008	9642	NC_001224.1	tig00000113	97.45		True
local misassembly
49367	49791	10439	10009	NC_001224.1	tig00000113	97.45		True
local misassembly
49393	49759	10806	10440	NC_001224.1	tig00000113	97.45		True
local misassembly
49367	49791	11237	10807	NC_001224.1	tig00000113	97.45		True
local misassembly
49393	49759	11604	11238	NC_001224.1	tig00000113	97.45		True
local misassembly
49367	49791	12035	11605	NC_001224.1	tig00000113	97.45		True
local misassembly
49393	49756	12398	12036	NC_001224.1	tig00000113	97.22		True
local misassembly
49367	49791	12830	12399	NC_001224.1	tig00000113	97.22		True
local misassembly
49396	49759	13194	12831	NC_001224.1	tig00000113	98.13		True
local misassembly
49367	49791	13618	13195	NC_001224.1	tig00000113	98.35		True
local misassembly
49644	49768	13741	13619	NC_001224.1	tig00000113	96.62		True
CONTIG	tig00000113	13741	correct
49393	49698	306	1	NC_001224.1	tig00000114	97.63		True
local misassembly
49396	49791	702	307	NC_001224.1	tig00000114	98.13		True
local misassembly
49367	49791	1133	703	NC_001224.1	tig00000114	97.45		True
local misassembly
49393	49759	1500	1134	NC_001224.1	tig00000114	97.45		True
local misassembly
49367	49791	1931	1501	NC_001224.1	tig00000114	97.45		True
local misassembly
49393	49759	2298	1932	NC_001224.1	tig00000114	97.45		True
local misassembly
49367	49791	2729	2299	NC_001224.1	tig00000114	97.45		True
local misassembly
49393	49759	3096	2730	NC_001224.1	tig00000114	97.45		True
local misassembly
49367	49791	3527	3097	NC_001224.1	tig00000114	97.45		True
local misassembly
49393	49759	3894	3528	NC_001224.1	tig00000114	97.45		True
local misassembly
49367	49791	4325	3895	NC_001224.1	tig00000114	97.45		True
local misassembly
49393	49759	4692	4326	NC_001224.1	tig00000114	97.45		True
local misassembly
49367	49791	5123	4693	NC_001224.1	tig00000114	97.45		True
local misassembly
49396	49759	5487	5124	NC_001224.1	tig00000114	97.45		True
local misassembly
49367	49791	5918	5488	NC_001224.1	tig00000114	97.45		True
local misassembly
49393	49759	6285	5919	NC_001224.1	tig00000114	97.45		True
local misassembly
49396	49791	6681	6286	NC_001224.1	tig00000114	98.13		True
local misassembly
49367	49791	7112	6682	NC_001224.1	tig00000114	97.45		True
local misassembly
49393	49759	7479	7113	NC_001224.1	tig00000114	97.45		True
local misassembly
49367	49791	7910	7480	NC_001224.1	tig00000114	97.45		True
local misassembly
49393	49759	8277	7911	NC_001224.1	tig00000114	97.45		True
local misassembly
49367	49791	8710	8278	NC_001224.1	tig00000114	97.0		True
local misassembly
49367	49759	9109	8711	NC_001224.1	tig00000114	97.45		True
local misassembly
49567	49759	9302	9110	NC_001224.1	tig00000114	98.67		True
CONTIG	tig00000114	9302	correct
49393	49560	173	6	NC_001224.1	tig00000115	96.0		True
local misassembly
49396	49791	568	174	NC_001224.1	tig00000115	97.44		True
local misassembly
49396	49791	964	569	NC_001224.1	tig00000115	98.13		True
local misassembly
49367	49791	1395	965	NC_001224.1	tig00000115	97.45		True
local misassembly
49393	49759	1762	1396	NC_001224.1	tig00000115	97.45		True
local misassembly
49396	49791	2158	1763	NC_001224.1	tig00000115	98.13		True
local misassembly
49367	49791	2589	2159	NC_001224.1	tig00000115	97.45		True
local misassembly
49393	49759	2956	2590	NC_001224.1	tig00000115	97.45		True
local misassembly
49367	49791	3387	2957	NC_001224.1	tig00000115	97.45		True
local misassembly
49393	49759	3754	3388	NC_001224.1	tig00000115	97.45		True
local misassembly
49367	49791	4185	3755	NC_001224.1	tig00000115	97.45		True
local misassembly
49396	49759	4549	4186	NC_001224.1	tig00000115	98.13		True
local misassembly
49367	49791	4980	4550	NC_001224.1	tig00000115	97.45		True
local misassembly
49396	49759	5344	4981	NC_001224.1	tig00000115	98.59		True
local misassembly
49367	49791	5775	5345	NC_001224.1	tig00000115	97.68		True
local misassembly
49393	49759	6142	5776	NC_001224.1	tig00000115	97.45		True
local misassembly
49367	49791	6573	6143	NC_001224.1	tig00000115	97.45		True
local misassembly
49393	49759	6940	6574	NC_001224.1	tig00000115	97.45		True
local misassembly
49367	49791	7371	6941	NC_001224.1	tig00000115	97.45		True
local misassembly
49393	49759	7738	7372	NC_001224.1	tig00000115	97.45		True
local misassembly
49367	49791	8169	7739	NC_001224.1	tig00000115	97.45		True
local misassembly
49393	49759	8536	8170	NC_001224.1	tig00000115	97.45		True
local misassembly
49367	49791	8967	8537	NC_001224.1	tig00000115	97.45		True
local misassembly
49393	49759	9334	8968	NC_001224.1	tig00000115	97.45		True
local misassembly
49367	49791	9765	9335	NC_001224.1	tig00000115	97.45		True
local misassembly
49393	49759	10132	9766	NC_001224.1	tig00000115	97.45		True
local misassembly
49367	49791	10563	10133	NC_001224.1	tig00000115	97.45		True
local misassembly
49396	49759	10927	10564	NC_001224.1	tig00000115	98.13		True
local misassembly
49367	49791	11358	10928	NC_001224.1	tig00000115	97.45		True
local misassembly
49393	49759	11725	11359	NC_001224.1	tig00000115	97.45		True
local misassembly
49367	49791	12156	11726	NC_001224.1	tig00000115	97.45		True
local misassembly
49393	49759	12523	12157	NC_001224.1	tig00000115	97.45		True
local misassembly
49367	49791	12954	12524	NC_001224.1	tig00000115	97.45		True
local misassembly
49393	49759	13321	12955	NC_001224.1	tig00000115	97.45		True
local misassembly
49367	49791	13752	13322	NC_001224.1	tig00000115	97.45		True
local misassembly
49393	49759	14119	13753	NC_001224.1	tig00000115	97.45		True
local misassembly
49380	49791	14531	14120	NC_001224.1	tig00000115	99.03		True
CONTIG	tig00000115	14534	correct
49459	49759	1	301	NC_001224.1	tig00000116	98.8		True
local misassembly
49367	49759	302	697	NC_001224.1	tig00000116	98.13		True
local misassembly
49367	49791	698	1128	NC_001224.1	tig00000116	97.45		True
local misassembly
49393	49759	1129	1495	NC_001224.1	tig00000116	97.45		True
local misassembly
49367	49759	1496	1891	NC_001224.1	tig00000116	98.13		True
local misassembly
49367	49791	1892	2322	NC_001224.1	tig00000116	97.45		True
local misassembly
49393	49759	2323	2689	NC_001224.1	tig00000116	97.45		True
local misassembly
49367	49791	2690	3120	NC_001224.1	tig00000116	97.45		True
local misassembly
49393	49759	3121	3487	NC_001224.1	tig00000116	97.45		True
local misassembly
49367	49791	3488	3918	NC_001224.1	tig00000116	97.45		True
local misassembly
49393	49759	3919	4285	NC_001224.1	tig00000116	97.45		True
local misassembly
49367	49791	4286	4716	NC_001224.1	tig00000116	97.45		True
local misassembly
49393	49759	4717	5083	NC_001224.1	tig00000116	97.45		True
local misassembly
49367	49791	5084	5514	NC_001224.1	tig00000116	97.45		True
local misassembly
49393	49759	5515	5881	NC_001224.1	tig00000116	97.45		True
local misassembly
49367	49791	5882	6312	NC_001224.1	tig00000116	97.45		True
local misassembly
49393	49759	6313	6679	NC_001224.1	tig00000116	97.45		True
local misassembly
49367	49791	6680	7110	NC_001224.1	tig00000116	97.45		True
local misassembly
49393	49759	7111	7477	NC_001224.1	tig00000116	97.45		True
local misassembly
49367	49791	7478	7908	NC_001224.1	tig00000116	97.45		True
local misassembly
49393	49759	7909	8275	NC_001224.1	tig00000116	97.45		True
local misassembly
49367	49791	8276	8706	NC_001224.1	tig00000116	97.45		True
local misassembly
49393	49791	8707	9105	NC_001224.1	tig00000116	97.45		True
local misassembly
49393	49712	9106	9425	NC_001224.1	tig00000116	97.73		True
CONTIG	tig00000116	9428	correct
49367	49791	52	482	NC_001224.1	tig00000117	97.45		True
local misassembly
49393	49756	483	846	NC_001224.1	tig00000117	97.45		True
local misassembly
49367	49791	847	1277	NC_001224.1	tig00000117	97.45		True
local misassembly
49393	49759	1278	1644	NC_001224.1	tig00000117	97.45		True
local misassembly
49367	49791	1645	2075	NC_001224.1	tig00000117	97.45		True
local misassembly
49393	49759	2076	2442	NC_001224.1	tig00000117	97.45		True
local misassembly
49367	49791	2443	2873	NC_001224.1	tig00000117	97.45		True
local misassembly
49393	49759	2874	3240	NC_001224.1	tig00000117	97.45		True
local misassembly
49367	49791	3241	3671	NC_001224.1	tig00000117	97.45		True
local misassembly
49393	49759	3672	4038	NC_001224.1	tig00000117	97.45		True
local misassembly
49367	49791	4039	4469	NC_001224.1	tig00000117	97.45		True
local misassembly
49393	49759	4470	4836	NC_001224.1	tig00000117	97.45		True
local misassembly
49367	49791	4837	5267	NC_001224.1	tig00000117	97.45		True
local misassembly
49393	49759	5268	5634	NC_001224.1	tig00000117	97.45		True
local misassembly
49367	49791	5635	6065	NC_001224.1	tig00000117	97.45		True
local misassembly
49393	49759	6066	6432	NC_001224.1	tig00000117	97.45		True
local misassembly
49367	49791	6433	6863	NC_001224.1	tig00000117	97.45		True
local misassembly
49393	49759	6864	7230	NC_001224.1	tig00000117	97.45		True
local misassembly
49367	49791	7231	7661	NC_001224.1	tig00000117	97.45		True
local misassembly
49393	49759	7662	8028	NC_001224.1	tig00000117	97.45		True
local misassembly
49367	49791	8029	8459	NC_001224.1	tig00000117	97.45		True
local misassembly
49393	49759	8460	8826	NC_001224.1	tig00000117	97.45		True
local misassembly
49367	49791	8827	9257	NC_001224.1	tig00000117	97.45		True
local misassembly
49393	49759	9258	9624	NC_001224.1	tig00000117	97.45		True
local misassembly
49367	49791	9625	10055	NC_001224.1	tig00000117	97.45		True
local misassembly
49393	49759	10056	10422	NC_001224.1	tig00000117	97.45		True
local misassembly
49367	49791	10423	10853	NC_001224.1	tig00000117	97.45		True
local misassembly
49396	49759	10854	11217	NC_001224.1	tig00000117	98.13		True
local misassembly
49367	49791	11218	11648	NC_001224.1	tig00000117	97.45		True
local misassembly
49393	49791	11649	12047	NC_001224.1	tig00000117	97.45		True
local misassembly
49396	49490	12048	12142	NC_001224.1	tig00000117	100.0		True
CONTIG	tig00000117	12142	correct
34329	34976	655	12	NC_001224.1	tig00000118	99.42		True
local misassembly
34283	34976	1349	656	NC_001224.1	tig00000118	100.0		True
local misassembly
34329	34930	1951	1350	NC_001224.1	tig00000118	100.0		True
local misassembly
34283	34976	2645	1952	NC_001224.1	tig00000118	100.0		True
local misassembly
34329	34930	3247	2646	NC_001224.1	tig00000118	100.0		True
local misassembly
34283	34976	3941	3248	NC_001224.1	tig00000118	100.0		True
local misassembly
34329	34930	4543	3942	NC_001224.1	tig00000118	100.0		True
local misassembly
34283	34976	5237	4544	NC_001224.1	tig00000118	100.0		True
local misassembly
34329	34930	5839	5238	NC_001224.1	tig00000118	100.0		True
local misassembly
34283	34976	6533	5840	NC_001224.1	tig00000118	100.0		True
local misassembly
34329	34930	7135	6534	NC_001224.1	tig00000118	100.0		True
local misassembly
34283	34976	7829	7136	NC_001224.1	tig00000118	100.0		True
local misassembly
34329	34930	8428	7830	NC_001224.1	tig00000118	99.28		True
local misassembly
34329	34976	9076	8429	NC_001224.1	tig00000118	100.0		True
local misassembly
34283	34976	9771	9077	NC_001224.1	tig00000118	99.86		True
local misassembly
34413	34930	10287	9772	NC_001224.1	tig00000118	99.65		True
CONTIG	tig00000118	10287	correct
34329	34794	466	1	NC_001224.1	tig00000119	98.58		True
local misassembly
34329	34976	1112	467	NC_001224.1	tig00000119	99.14		True
local misassembly
34329	34976	1761	1113	NC_001224.1	tig00000119	99.14		True
local misassembly
34283	34976	2457	1762	NC_001224.1	tig00000119	99.71		True
local misassembly
34329	34930	3060	2458	NC_001224.1	tig00000119	99.57		True
local misassembly
34329	34976	3706	3061	NC_001224.1	tig00000119	99.71		True
local misassembly
34283	34976	4402	3707	NC_001224.1	tig00000119	99.71		True
local misassembly
34329	34930	5002	4403	NC_001224.1	tig00000119	99.0		True
local misassembly
34283	34976	5697	5003	NC_001224.1	tig00000119	99.86		True
local misassembly
34329	34930	6299	5698	NC_001224.1	tig00000119	100.0		True
local misassembly
34283	34976	6993	6300	NC_001224.1	tig00000119	100.0		True
local misassembly
34329	34930	7595	6994	NC_001224.1	tig00000119	100.0		True
local misassembly
34283	34976	8289	7596	NC_001224.1	tig00000119	100.0		True
local misassembly
34329	34930	8891	8290	NC_001224.1	tig00000119	100.0		True
local misassembly
34283	34976	9585	8892	NC_001224.1	tig00000119	100.0		True
local misassembly
34329	34930	10185	9586	NC_001224.1	tig00000119	99.71		True
local misassembly
34283	34976	10879	10186	NC_001224.1	tig00000119	100.0		True
local misassembly
34329	34930	11481	10880	NC_001224.1	tig00000119	100.0		True
local misassembly
34283	34976	12175	11482	NC_001224.1	tig00000119	100.0		True
local misassembly
34329	34930	12777	12176	NC_001224.1	tig00000119	100.0		True
local misassembly
34283	34976	13471	12778	NC_001224.1	tig00000119	100.0		True
local misassembly
34329	34930	14073	13472	NC_001224.1	tig00000119	100.0		True
local misassembly
34283	34976	14767	14074	NC_001224.1	tig00000119	100.0		True
local misassembly
34329	34930	15369	14768	NC_001224.1	tig00000119	100.0		True
local misassembly
34283	34976	16063	15370	NC_001224.1	tig00000119	100.0		True
local misassembly
34329	34930	16665	16064	NC_001224.1	tig00000119	100.0		True
local misassembly
34283	34976	17359	16666	NC_001224.1	tig00000119	100.0		True
local misassembly
34329	34930	17961	17360	NC_001224.1	tig00000119	100.0		True
local misassembly
34283	34976	18655	17962	NC_001224.1	tig00000119	100.0		True
local misassembly
34283	34930	19303	18656	NC_001224.1	tig00000119	100.0		True
CONTIG	tig00000119	19335	correct
34329	34877	549	1	NC_001224.1	tig00000120	100.0		True
local misassembly
34283	34976	1243	550	NC_001224.1	tig00000120	100.0		True
local misassembly
34329	34930	1845	1244	NC_001224.1	tig00000120	100.0		True
local misassembly
34283	34976	2539	1846	NC_001224.1	tig00000120	100.0		True
local misassembly
34329	34930	3141	2540	NC_001224.1	tig00000120	100.0		True
local misassembly
34283	34976	3835	3142	NC_001224.1	tig00000120	100.0		True
local misassembly
34329	34930	4437	3836	NC_001224.1	tig00000120	100.0		True
local misassembly
34283	34976	5131	4438	NC_001224.1	tig00000120	100.0		True
local misassembly
34329	34930	5733	5132	NC_001224.1	tig00000120	100.0		True
local misassembly
34283	34976	6427	5734	NC_001224.1	tig00000120	100.0		True
local misassembly
34329	34930	7029	6428	NC_001224.1	tig00000120	100.0		True
local misassembly
34283	34976	7723	7030	NC_001224.1	tig00000120	100.0		True
local misassembly
34329	34930	8325	7724	NC_001224.1	tig00000120	100.0		True
local misassembly
34283	34976	9019	8326	NC_001224.1	tig00000120	100.0		True
local misassembly
34329	34930	9621	9020	NC_001224.1	tig00000120	100.0		True
local misassembly
34283	34976	10315	9622	NC_001224.1	tig00000120	100.0		True
local misassembly
34329	34930	10917	10316	NC_001224.1	tig00000120	100.0		True
local misassembly
34283	34976	11611	10918	NC_001224.1	tig00000120	100.0		True
local misassembly
34283	34930	12259	11612	NC_001224.1	tig00000120	100.0		True
local misassembly
34757	34930	12433	12260	NC_001224.1	tig00000120	100.0		True
CONTIG	tig00000120	12433	correct
